preflabel,definition,notation,altlabel,related
Abba River,,abba-river,,
Abbey,,abbey,,
Acton Park,,acton-park,,
Adamsvale,,adamsvale,,
Ajana,,ajana,,
Albany,,albany,,
Aldersyde,,aldersyde,,
Alexander Heights,,alexander-heights,,
Alexandra Bridge,,alexandra-bridge,,
Alfred Cove,,alfred-cove,,
Alkimos,,alkimos,,
Allanooka,,allanooka,,
Allanson,,allanson,,
Alma,,alma,,
Ambania,,ambania,,
Ambergate,,ambergate,,
Amelup,,amelup,,
Angelo River,,angelo-river,,
Anketell,,anketell,,
Anniebrook,,anniebrook,,
Antonymyre,,antonymyre,,
Applecross,,applecross,,
Ardath,,ardath,,
Ardross,,ardross,,
Argyle,,argyle,,
Armadale,,armadale,,
Arrino,,arrino,,
Arrowsmith,,arrowsmith,,
Arrowsmith East,,arrowsmith-east,,
Arthur River,,arthur-river,,
Ascot,,ascot,,
Ashby,,ashby,,
Ashendon,,ashendon,,
Ashfield,,ashfield,,
Attadale,,attadale,,
Atwell,,atwell,,
Aubin Grove,,aubin-grove,,
Augusta,,augusta,,
Australind,,australind,,
Aveley,,aveley,,
Avon Valley National Park,,avon-valley-national-park,,
Baandee,,baandee,,
Babakin,,babakin,,
Babbage Island,,babbage-island,,
Badgebup,,badgebup,,
Badgerin Rock,,badgerin-rock,,
Badgin,,badgin,,
Badgingarra,,badgingarra,,
Badjaling,,badjaling,,
Bailup,,bailup,,
Bakers Hill,,bakers-hill,,
Balbarrup,,balbarrup,,
Balcatta,,balcatta,,
Baldivis,,baldivis,,
Balga,,balga,,
Balingup,,balingup,,
Balkuling,,balkuling,,
Balla Balla,,balla-balla,,
Balladong,,balladong,,
Balladonia,,balladonia,,
Ballajura,,ballajura,,
Ballaying,,ballaying,,
Ballidu,,ballidu,,
Bally Bally,,bally-bally,,
Bambun,,bambun,,
Bandy Creek,,bandy-creek,,
Bandya,,bandya,,
Banjup,,banjup,,
Banksia Grove,,banksia-grove,,
Banksiadale,,banksiadale,,
Bannister,,bannister,,
Barbalin,,barbalin,,
Barberton,,barberton,,
Barrabup,,barrabup,,
Barragup,,barragup,,
Barrow Island,,barrow-island,,
Baskerville,,baskerville,,
Bassendean,,bassendean,,
Bateman,,bateman,,
Baudin,,baudin,,
Baynton,,baynton,,
Bayonet Head,,bayonet-head,,
Bayswater,,bayswater,,
Beachlands,,beachlands,,
Beacon,,beacon,,
Beaconsfield,,beaconsfield,,
Beadell,,beadell,,
Beaufort River,,beaufort-river,,
Beaumont,,beaumont,,
Beckenham,,beckenham,,
Bedford,,bedford,,
Bedfordale,,bedfordale,,
Beechboro,,beechboro,,
Beechina,,beechina,,
Beedelup,,beedelup,,
Beela,,beela,,
Beelerup,,beelerup,,
Beeliar,,beeliar,,
Beenong,,beenong,,
Beermullah,,beermullah,,
Bejoording,,bejoording,,
Beldon,,beldon,,
Belhus,,belhus,,
Bellevue,,bellevue,,
Belmont,,belmont,,
Bencubbin,,bencubbin,,
Benger,,benger,,
Benjaberring,,benjaberring,,
Benjinup,,benjinup,,
Bennett Springs,,bennett-springs,,
Bentley,,bentley,,
Beresford,,beresford,,
Berkshire Valley,,berkshire-valley,,
Bernier Island,,bernier-island,,
Bertram,,bertram,,
Beverley,,beverley,,
Bibra Lake,,bibra-lake,,
Bickley,,bickley,,
Bicton,,bicton,,
Biddelia,,biddelia,,
Big Grove,,big-grove,,
Bilbarin,,bilbarin,,
Bilingurr,,bilingurr,,
Bimbijy,,bimbijy,,
Bindi Bindi,,bindi-bindi,,
Bindoon,,bindoon,,
Bindoon Training Area,,bindoon-training-area,,
Binduli,,binduli,,
Binningup,,binningup,,
Binnu,,binnu,,
Birchmont,,birchmont,,
Bluff Point,,bluff-point,,
Blythewood,,blythewood,,
Boallia,,boallia,,
Bobalong,,bobalong,,
Bodallin,,bodallin,,
Boddington,,boddington,,
Boilup,,boilup,,
Bokal,,bokal,,
Bolgart,,bolgart,,
Bonnie Rock,,bonnie-rock,,
Bonniefield,,bonniefield,,
Boodarie,,boodarie,,
Boodarockin,,boodarockin,,
Bookara,,bookara,,
Boonanarring,,boonanarring,,
Boorabbin,,boorabbin,,
Booragoon,,booragoon,,
Booralaming,,booralaming,,
Boorara,,boorara,,
Boorara Brook,,boorara-brook,,
Bootenal,,bootenal,,
Boothendarra,,boothendarra,,
Boranup,,boranup,,
Borden,,borden,,
Borderdale,,borderdale,,
Bornholm,,bornholm,,
Boscabel,,boscabel,,
Boulder,,boulder,,
Boundain,,boundain,,
Bouvard,,bouvard,,
Bovell,,bovell,,
Bow Bridge,,bow-bridge,,
Bowelling,,bowelling,,
Bowes,,bowes,,
Bowgada,,bowgada,,
Boxwood Hill,,boxwood-hill,,
Boya,,boya,,
Boyanup,,boyanup,,
Boyatup,,boyatup,,
Boyerine,,boyerine,,
Boyup Brook,,boyup-brook,,
Brabham,,brabham,,
Bramley,,bramley,,
Brazier,,brazier,,
Breera,,breera,,
Bremer Bay,,bremer-bay,,
Brentwood,,brentwood,,
Breton Bay,,breton-bay,,
Bridgetown,,bridgetown,,
Brigadoon,,brigadoon,,
Bringo,,bringo,,
Broadwater,,broadwater,,
Broadwood,,broadwood,,
Brockman,,brockman,,
Broke,,broke,,
Brookdale,,brookdale,,
Brookhampton,,brookhampton,,
Brookton,,brookton,,
Broome,,broome,,
Broomehill East,,broomehill-east,,
Broomehill Village,,broomehill-village,,
Broomehill West,,broomehill-west,,
Brown Hill,,brown-hill,,
Brown Range,,brown-range,,
Bruce Rock,,bruce-rock,,
Brunswick,,brunswick,,
Buckingham,,buckingham,,
Buckland,,buckland,,
Bulgarra,,bulgarra,,
Bull Creek,,bull-creek,,
Bullabulling,,bullabulling,,
Bullaring,,bullaring,,
Buller,,buller,,
Bullfinch,,bullfinch,,
Bullock Hills,,bullock-hills,,
Bullsbrook,,bullsbrook,,
Bulong,,bulong,,
Bulyee,,bulyee,,
Bunbury,,bunbury,,
Bundanoon,,bundanoon,,
Buniche,,buniche,,
Bunjil,,bunjil,,
Buntine,,buntine,,
Burakin,,burakin,,
Buraminya,,buraminya,,
Burekup,,burekup,,
Burges,,burges,,
Burlong,,burlong,,
Burma Road,,burma-road,,
Burns Beach,,burns-beach,,
Burnside,,burnside,,
Burracoppin,,burracoppin,,
Burran Rock,,burran-rock,,
Burrup,,burrup,,
Burswood,,burswood,,
Bushmead,,bushmead,,
Busselton,,busselton,,
Butler,,butler,,
Byford,,byford,,
Cable Beach,,cable-beach,,
Cadoux,,cadoux,,
Caiguna,,caiguna,,
Calingiri,,calingiri,,
Calista,,calista,,
Caljie,,caljie,,
Callcup,,callcup,,
Camballin,,camballin,,
Cambridge Gulf,,cambridge-gulf,,
Camillo,,camillo,,
Cancanning,,cancanning,,
Cane,,cane,,
Canna,,canna,,
Canning Mills,,canning-mills,,
Canning Vale,,canning-vale,,
Cannington,,cannington,,
Cape Arid,,cape-arid,,
Cape Burney,,cape-burney,,
Cape Le Grand,,cape-le-grand,,
Cape Range National Park,,cape-range-national-park,,
Capel,,capel,,
Capel River,,capel-river,,
Capricorn,,capricorn,,
Caraban,,caraban,,
Carabooda,,carabooda,,
Carani,,carani,,
Carbla,,carbla,,
Carbunup River,,carbunup-river,,
Cardiff,,cardiff,,
Cardup,,cardup,,
Carey Park,,carey-park,,
Carine,,carine,,
Carlisle,,carlisle,,
Carlotta,,carlotta,,
Carmel,,carmel,,
Carnamah,,carnamah,,
Carnarvon,,carnarvon,,
Carrabin,,carrabin,,
Carramar,,carramar,,
Carrarang,,carrarang,,
Carrolup,,carrolup,,
Cartmeticup,,cartmeticup,,
Cascade,,cascade,,
Castletown,,castletown,,
Casuarina,,casuarina,,
Cataby,,cataby,,
Catterick,,catterick,,
Caversham,,caversham,,
Centennial Park,,centennial-park,,
Cervantes,,cervantes,,
Chadwick,,chadwick,,
Champion Lakes,,champion-lakes,,
Chandler,,chandler,,
Changerup,,changerup,,
Channybearup,,channybearup,,
Chapman Hill,,chapman-hill,,
Charley Creek,,charley-creek,,
Cherry Tree Pool,,cherry-tree-pool,,
Cheynes,,cheynes,,
Chichester,,chichester,,
Chidlow,,chidlow,,
Chittering,,chittering,,
Chowerup,,chowerup,,
Christmas Island,,christmas-island,,
Churchlands,,churchlands,,
City Beach,,city-beach,,
Clackline,,clackline,,
Claremont,,claremont,,
Clarkson,,clarkson,,
Cleary,,cleary,,
Cleaverville,,cleaverville,,
Clifton,,clifton,,
Cloverdale,,cloverdale,,
Coblinine,,coblinine,,
Coburn,,coburn,,
Cockburn Central,,cockburn-central,,
Cocklebiddy,,cocklebiddy,,
Codjatotine,,codjatotine,,
Cold Harbour,,cold-harbour,,
Collanilling,,collanilling,,
College Grove,,college-grove,,
Collie,,collie,,
Collie Burn,,collie-burn,,
Collingwood Heights,,collingwood-heights,,
Collingwood Park,,collingwood-park,,
Collins,,collins,,
Commodine,,commodine,,
Como,,como,,
Condingup,,condingup,,
Connolly,,connolly,,
Contine,,contine,,
Coodanup,,coodanup,,
Coogee,,coogee,,
Cookernup,,cookernup,,
Cooladar Hill,,cooladar-hill,,
Coolbellup,,coolbellup,,
Coolbinia,,coolbinia,,
Coolcalalaya,,coolcalalaya,,
Coolgardie,,coolgardie,,
Cooljarloo,,cooljarloo,,
Cooloongup,,cooloongup,,
Coolup,,coolup,,
Coomalbidgup,,coomalbidgup,,
Coomberdale,,coomberdale,,
Coonabidgee,,coonabidgee,,
Coondle,,coondle,,
Coorow,,coorow,,
Cooya Pooya,,cooya-pooya,,
Copley,,copley,,
Coral Bay,,coral-bay,,
Corinthia,,corinthia,,
Corrigin,,corrigin,,
Cosmo Newbery,,cosmo-newbery,,
Cossack,,cossack,,
Cottesloe,,cottesloe,,
Courtenay,,courtenay,,
Cowalellup,,cowalellup,,
Cowalla,,cowalla,,
Cowaramup,,cowaramup,,
Cowcowing,,cowcowing,,
Coyrecup,,coyrecup,,
Craigie,,craigie,,
Cramphorne,,cramphorne,,
Cranbrook,,cranbrook,,
Crawley,,crawley,,
Crooked Brook,,crooked-brook,,
Crossman,,crossman,,
Crowea,,crowea,,
Cuballing,,cuballing,,
Cubbine,,cubbine,,
Cue,,cue,,
Culham,,culham,,
Cullacabardee,,cullacabardee,,
Cullalla,,cullalla,,
Cundeelee,,cundeelee,,
Cunderdin,,cunderdin,,
Cundinup,,cundinup,,
Cunjardine,,cunjardine,,
Currambine,,currambine,,
Cuthbert,,cuthbert,,
Daadenning Creek,,daadenning-creek,,
Daggar Hills,,daggar-hills,,
Daglish,,daglish,,
Dale,,dale,,
Daliak,,daliak,,
Dalkeith,,dalkeith,,
Dalwallinu,,dalwallinu,,
Dalyellup,,dalyellup,,
Dalyup,,dalyup,,
Dampier,,dampier,,
Dampier Archipelago,,dampier-archipelago,,
Dampier Peninsula,,dampier-peninsula,,
Dandanning,,dandanning,,
Dandaragan,,dandaragan,,
Dangin,,dangin,,
Darch,,darch,,
Dardadine,,dardadine,,
Dardanup,,dardanup,,
Dardanup West,,dardanup-west,,
Darkan,,darkan,,
Darling Downs,,darling-downs,,
Darlington,,darlington,,
Darradup,,darradup,,
Dartmoor,,dartmoor,,
Dartnall,,dartnall,,
Datatine,,datatine,,
Davenport,,davenport,,
Dawesville,,dawesville,,
Dayton,,dayton,,
De Grey,,de-grey,,
Deanmill,,deanmill,,
Deepdale,,deepdale,,
Deepdene,,deepdene,,
Denbarker,,denbarker,,
Denham,,denham,,
Denmark,,denmark,,
Derby,,derby,,
Devils Creek,,devils-creek,,
Dewars Pool,,dewars-pool,,
Diamond Tree,,diamond-tree,,
Dianella,,dianella,,
Dindiloa,,dindiloa,,
Dingup,,dingup,,
Dinninup,,dinninup,,
Dirk Hartog Island,,dirk-hartog-island,,
Dixvale,,dixvale,,
Djugun,,djugun,,
Dongara,,dongara,,
Dongolocking,,dongolocking,,
Donnelly River,,donnelly-river,,
Donnybrook,,donnybrook,,
Doobarda,,doobarda,,
Doodenanning,,doodenanning,,
Doodlakine,,doodlakine,,
Dorre Island,,dorre-island,,
Doubleview,,doubleview,,
Dowerin,,dowerin,,
Drome,,drome,,
Drummond Cove,,drummond-cove,,
Dryandra,,dryandra,,
Drysdale River,,drysdale-river,,
Dudawa,,dudawa,,
Dudinin,,dudinin,,
Dudley Park,,dudley-park,,
Dukin,,dukin,,
Dulbelling,,dulbelling,,
Dulyalbin,,dulyalbin,,
Dumbarton,,dumbarton,,
Dumberning,,dumberning,,
Dumbleyung,,dumbleyung,,
Duncraig,,duncraig,,
Dundas,,dundas,,
Dunn Rock,,dunn-rock,,
Dunsborough,,dunsborough,,
Durack,,durack,,
Duranillin,,duranillin,,
Durawah,,durawah,,
Dwarda,,dwarda,,
Dwellingup,,dwellingup,,
Eagle Bay,,eagle-bay,,
East Augusta,,east-augusta,,
East Ballidu,,east-ballidu,,
East Beverley,,east-beverley,,
East Bowes,,east-bowes,,
East Bunbury,,east-bunbury,,
East Cannington,,east-cannington,,
East Carnarvon,,east-carnarvon,,
East Chapman,,east-chapman,,
East Damboring,,east-damboring,,
East Fremantle,,east-fremantle,,
East Lyons River,,east-lyons-river,,
East Munglinup,,east-munglinup,,
East Murchison,,east-murchison,,
East Nabawa,,east-nabawa,,
East Nannup,,east-nannup,,
East Newdegate,,east-newdegate,,
East Perth,,east-perth,,
East Pingelly,,east-pingelly,,
East Popanyinning,,east-popanyinning,,
East Rockingham,,east-rockingham,,
East Victoria Park,,east-victoria-park,,
East Wickepin,,east-wickepin,,
East Yuna,,east-yuna,,
Eastbrook,,eastbrook,,
Eaton,,eaton,,
Eden Hill,,eden-hill,,
Edgewater,,edgewater,,
Eganu,,eganu,,
Eglinton,,eglinton,,
Eighty Mile Beach,,eighty-mile-beach,,
Elabbin,,elabbin,,
Elachbutting,,elachbutting,,
Elgin,,elgin,,
Elleker,,elleker,,
Ellenbrook,,ellenbrook,,
Ellendale,,ellendale,,
Embleton,,embleton,,
Emu Flat,,emu-flat,,
Emu Point,,emu-point,,
Eneabba,,eneabba,,
Ennuin,,ennuin,,
Eradu,,eradu,,
Eradu South,,eradu-south,,
Erskine,,erskine,,
Esperance,,esperance,,
Etmilyn,,etmilyn,,
Eucla,,eucla,,
Eurardy,,eurardy,,
Ewlyamartup,,ewlyamartup,,
Exmouth,,exmouth,,
Exmouth Gulf,,exmouth-gulf,,
Fairbridge,,fairbridge,,
Falcon,,falcon,,
Ferguson,,ferguson,,
Ferndale,,ferndale,,
Feysville,,feysville,,
Fimiston,,fimiston,,
Finucane,,finucane,,
Fitzgerald,,fitzgerald,,
Fitzgerald River National Park,,fitzgerald-river-national-park,,
Fitzroy Crossing,,fitzroy-crossing,,
Flint,,flint,,
Floreat,,floreat,,
Flynn,,flynn,,
Forest Grove,,forest-grove,,
Forest Hill,,forest-hill,,
Forrest,,forrest,,
Forrest Beach,,forrest-beach,,
Forrestania,,forrestania,,
Forrestdale,,forrestdale,,
Forrestfield,,forrestfield,,
Fortescue,,fortescue,,
Francois Peron National Park,,francois-peron-national-park,,
Frankland River,,frankland-river,,
Fraser Range,,fraser-range,,
Fremantle,,fremantle,,
Frenchman Bay,,frenchman-bay,,
Furnissdale,,furnissdale,,
Gabalong,,gabalong,,
Gabbadah,,gabbadah,,
Gabbin,,gabbin,,
Gairdner,,gairdner,,
Gap Ridge,,gap-ridge,,
Garden Island,,garden-island,,
Gascoyne Junction,,gascoyne-junction,,
Gascoyne River,,gascoyne-river,,
Geegully Creek,,geegully-creek,,
Gelorup,,gelorup,,
Geographe,,geographe,,
Georgina,,georgina,,
Geraldton,,geraldton,,
Ghooli,,ghooli,,
Gibb,,gibb,,
Gibson,,gibson,,
Gibson Desert North,,gibson-desert-north,,
Gibson Desert South,,gibson-desert-south,,
Gidgegannup,,gidgegannup,,
Gilgering,,gilgering,,
Gillimanning,,gillimanning,,
Gillingarra,,gillingarra,,
Gilroyd,,gilroyd,,
Gingerah,,gingerah,,
Gingin,,gingin,,
Ginginup,,ginginup,,
Girrawheen,,girrawheen,,
Gledhow,,gledhow,,
Glen Forrest,,glen-forrest,,
Glen Iris,,glen-iris,,
Glen Mervyn,,glen-mervyn,,
Glencoe,,glencoe,,
Glendalough,,glendalough,,
Glenfield,,glenfield,,
Glenlynn,,glenlynn,,
Glenoran,,glenoran,,
Glentromie,,glentromie,,
Gnangara,,gnangara,,
Gnarabup,,gnarabup,,
Gnoorea,,gnoorea,,
Gnowangerup,,gnowangerup,,
Gnowellen,,gnowellen,,
Golden Bay,,golden-bay,,
Goode Beach,,goode-beach,,
Goodlands,,goodlands,,
Goomalling,,goomalling,,
Goomarin,,goomarin,,
Gooseberry Hill,,gooseberry-hill,,
Gorge Rock,,gorge-rock,,
Gorrie,,gorrie,,
Gosnells,,gosnells,,
Gracetown,,gracetown,,
Granville,,granville,,
Grass Patch,,grass-patch,,
Grass Valley,,grass-valley,,
Green Head,,green-head,,
Green Range,,green-range,,
Green Valley,,green-valley,,
Greenbushes,,greenbushes,,
Greenfields,,greenfields,,
Greenhills,,greenhills,,
Greenmount,,greenmount,,
Greenough,,greenough,,
Greenwood,,greenwood,,
Greenwoods Valley,,greenwoods-valley,,
Gregory,,gregory,,
Grey,,grey,,
Greys Plain,,greys-plain,,
Grimwade,,grimwade,,
Guilderton,,guilderton,,
Guildford,,guildford,,
Gundaring,,gundaring,,
Gunyidi,,gunyidi,,
Gutha,,gutha,,
Gwambygine,,gwambygine,,
Gwelup,,gwelup,,
Gwindinup,,gwindinup,,
Hacketts Gully,,hacketts-gully,,
Halls Creek,,halls-creek,,
Halls Head,,halls-head,,
Hamel,,hamel,,
Hamelin Bay,,hamelin-bay,,
Hamelin Pool,,hamelin-pool,,
Hamersley,,hamersley,,
Hamersley Range,,hamersley-range,,
Hamilton Hill,,hamilton-hill,,
Hammond Park,,hammond-park,,
Hannans,,hannans,,
Harris River,,harris-river,,
Harrisdale,,harrisdale,,
Harrismith,,harrismith,,
Harvey,,harvey,,
Hastings,,hastings,,
Hatter Hill,,hatter-hill,,
Hay,,hay,,
Haynes,,haynes,,
Hazelmere,,hazelmere,,
Hazelvale,,hazelvale,,
Heathridge,,heathridge,,
Helena Valley,,helena-valley,,
Henderson,,henderson,,
Henley Brook,,henley-brook,,
Henty,,henty,,
Herdsman,,herdsman,,
Herne Hill,,herne-hill,,
Herron,,herron,,
Hester,,hester,,
Hester Brook,,hester-brook,,
Hickety,,hickety,,
Higginsville,,higginsville,,
High Wycombe,,high-wycombe,,
Highbury,,highbury,,
Highgate,,highgate,,
Hilbert,,hilbert,,
Hill River,,hill-river,,
Hillarys,,hillarys,,
Hillman,,hillman,,
Hillside,,hillside,,
Hilton,,hilton,,
Hindmarsh,,hindmarsh,,
Hines Hill,,hines-hill,,
Hithergreen,,hithergreen,,
Hocking,,hocking,,
Hoddys Well,,hoddys-well,,
Hoffman,,hoffman,,
Holleton,,holleton,,
Holmwood,,holmwood,,
Holt Rock,,holt-rock,,
Holyoake,,holyoake,,
Home Island Cocos (Keeling) Is,,home-island-cocos-(keeling)-is,,
Hope Valley,,hope-valley,,
Hopeland,,hopeland,,
Hopetoun,,hopetoun,,
Horrocks,,horrocks,,
Houtman Abrolhos,,houtman-abrolhos,,
Hovea,,hovea,,
Howatharra,,howatharra,,
Howick,,howick,,
Hulongine,,hulongine,,
Huntingdale,,huntingdale,,
Hyden,,hyden,,
Ikewa,,ikewa,,
Iluka,,iluka,,
Indee,,indee,,
Inggarda,,inggarda,,
Inglehope,,inglehope,,
Inglewood,,inglewood,,
Inkpen,,inkpen,,
Innaloo,,innaloo,,
Innawanga,,innawanga,,
Irishtown,,irishtown,,
Irrunytju,,irrunytju,,
Irwin,,irwin,,
Israelite Bay,,israelite-bay,,
Isseka,,isseka,,
Jackitup,,jackitup,,
Jacup,,jacup,,
Jalbarragup,,jalbarragup,,
Jaloran,,jaloran,,
Jandabup,,jandabup,,
Jandakot,,jandakot,,
Jane Brook,,jane-brook,,
Jardee,,jardee,,
Jarlmadangah Burru,,jarlmadangah-burru,,
Jarrahdale,,jarrahdale,,
Jarrahwood,,jarrahwood,,
Jelcobine,,jelcobine,,
Jennacubbine,,jennacubbine,,
Jennapullin,,jennapullin,,
Jerdacuttup,,jerdacuttup,,
Jerramungup,,jerramungup,,
Jibberding,,jibberding,,
Jigalong,,jigalong,,
Jilakin,,jilakin,,
Jindalee,,jindalee,,
Jindong,,jindong,,
Jingalup,,jingalup,,
Jitarning,,jitarning,,
Jolimont,,jolimont,,
Joondalup,,joondalup,,
Joondanna,,joondanna,,
Julimar,,julimar,,
Juna Downs,,juna-downs,,
Jurien Bay,,jurien-bay,,
Kadathinni,,kadathinni,,
Kalamunda,,kalamunda,,
Kalannie,,kalannie,,
Kalbarri,,kalbarri,,
Kalbarri National Park,,kalbarri-national-park,,
Kalgan,,kalgan,,
Kalgoorlie,,kalgoorlie,,
Kalgup,,kalgup,,
Kallaroo,,kallaroo,,
Kaloorup,,kaloorup,,
Kalumburu,,kalumburu,,
Kambalda East,,kambalda-east,,
Kambalda West,,kambalda-west,,
Kangaroo Gully,,kangaroo-gully,,
Kanowna,,kanowna,,
Kanpa,,kanpa,,
Karakin,,karakin,,
Karalundi,,karalundi,,
Karawara,,karawara,,
Kardinya,,kardinya,,
Karijini,,karijini,,
Karlgarin,,karlgarin,,
Karlkurla,,karlkurla,,
Karloning,,karloning,,
Karloo,,karloo,,
Karnup,,karnup,,
Karragullen,,karragullen,,
Karrakatta,,karrakatta,,
Karrakup,,karrakup,,
Karramindie,,karramindie,,
Karranadgin,,karranadgin,,
Karratha,,karratha,,
Karratha Industrial Estate,,karratha-industrial-estate,,
Karridale,,karridale,,
Karrinyup,,karrinyup,,
Karroun Hill,,karroun-hill,,
Katanning,,katanning,,
Katrine,,katrine,,
Kauring,,kauring,,
Kealy,,kealy,,
Kebaringup,,kebaringup,,
Kellerberrin,,kellerberrin,,
Kelmscott,,kelmscott,,
Kendenup,,kendenup,,
Kenmare,,kenmare,,
Kennedy Range,,kennedy-range,,
Kensington,,kensington,,
Kentdale,,kentdale,,
Kenwick,,kenwick,,
Keralup,,keralup,,
Kewdale,,kewdale,,
Keysbrook,,keysbrook,,
Kiara,,kiara,,
Kimbolton,,kimbolton,,
King Leopold Ranges,,king-leopold-ranges,,
King River,,king-river,,
Kings Park,,kings-park,,
Kingsford,,kingsford,,
Kingsley,,kingsley,,
Kingston,,kingston,,
Kinross,,kinross,,
Kirk Rock,,kirk-rock,,
Kirup,,kirup,,
Kojaneerup South,,kojaneerup-south,,
Kojarena,,kojarena,,
Kojonup,,kojonup,,
Kokeby,,kokeby,,
Kondinin,,kondinin,,
Kondut,,kondut,,
Konnongorring,,konnongorring,,
Koojan,,koojan,,
Kookynie,,kookynie,,
Koolanooka,,koolanooka,,
Koolyanobbing,,koolyanobbing,,
Koomberkine,,koomberkine,,
Koondoola,,koondoola,,
Koongamia,,koongamia,,
Koorda,,koorda,,
Korbel,,korbel,,
Kordabup,,kordabup,,
Korrelocking,,korrelocking,,
Kronkup,,kronkup,,
Kudardup,,kudardup,,
Kuender,,kuender,,
Kukerin,,kukerin,,
Kulikup,,kulikup,,
Kulin,,kulin,,
Kulin West,,kulin-west,,
Kulja,,kulja,,
Kumarina,,kumarina,,
Kundat Djaru,,kundat-djaru,,
Kunjin,,kunjin,,
Kununoppin,,kununoppin,,
Kununurra,,kununurra,,
Kupartiya,,kupartiya,,
Kurnalpi,,kurnalpi,,
Kurrenkutten,,kurrenkutten,,
Kweda,,kweda,,
Kwelkan,,kwelkan,,
Kwinana Beach,,kwinana-beach,,
Kwinana Town Centre,,kwinana-town-centre,,
Kwolyin,,kwolyin,,
Lagrange,,lagrange,,
Lake Argyle,,lake-argyle,,
Lake Austin,,lake-austin,,
Lake Biddy,,lake-biddy,,
Lake Brown,,lake-brown,,
Lake Camm,,lake-camm,,
Lake Carnegie,,lake-carnegie,,
Lake Clifton,,lake-clifton,,
Lake Coogee,,lake-coogee,,
Lake Darlot,,lake-darlot,,
Lake Deborah,,lake-deborah,,
Lake Grace,,lake-grace,,
Lake Hinds,,lake-hinds,,
Lake Jasper,,lake-jasper,,
Lake King,,lake-king,,
Lake Margarette,,lake-margarette,,
Lake Muir,,lake-muir,,
Lake Ninan,,lake-ninan,,
Lake Toolbrunup,,lake-toolbrunup,,
Lake Wells,,lake-wells,,
Lakelands,,lakelands,,
Lakewood,,lakewood,,
Lamington,,lamington,,
Lancelin,,lancelin,,
Landsdale,,landsdale,,
Lange,,lange,,
Langford,,langford,,
Latham,,latham,,
Lathlain,,lathlain,,
Laverton,,laverton,,
Learmonth,,learmonth,,
Leda,,leda,,
Ledge Point,,ledge-point,,
Leederville,,leederville,,
Leeman,,leeman,,
Leeming,,leeming,,
Leeuwin,,leeuwin,,
Leinster,,leinster,,
Lennard Brook,,lennard-brook,,
Leonora,,leonora,,
Leschenault,,leschenault,,
Lesley,,lesley,,
Lesmurdie,,lesmurdie,,
Lexia,,lexia,,
Lime Lake,,lime-lake,,
Linfarne,,linfarne,,
Little Grove,,little-grove,,
Little Italy,,little-italy,,
Little Sandy Desert,,little-sandy-desert,,
Lockier,,lockier,,
Lockridge,,lockridge,,
Lockyer,,lockyer,,
Lol Gray,,lol-gray,,
Londonderry,,londonderry,,
Lort River,,lort-river,,
Lowden,,lowden,,
Lower Chittering,,lower-chittering,,
Lower Hotham,,lower-hotham,,
Lower King,,lower-king,,
Lowlands,,lowlands,,
Ludlow,,ludlow,,
Lumeah,,lumeah,,
Lyalls Mill,,lyalls-mill,,
Lyndon,,lyndon,,
Lynwood,,lynwood,,
Macleod,,macleod,,
Maddington,,maddington,,
Madeley,,madeley,,
Madora Bay,,madora-bay,,
Madura,,madura,,
Magenta,,magenta,,
Magitup,,magitup,,
Mahogany Creek,,mahogany-creek,,
Mahomets Flats,,mahomets-flats,,
Maida Vale,,maida-vale,,
Maitland,,maitland,,
Malabaine,,malabaine,,
Malaga,,malaga,,
Malebelling,,malebelling,,
Mallee Hill,,mallee-hill,,
Malmalling,,malmalling,,
Malyalling,,malyalling,,
Mandogalup,,mandogalup,,
Mandurah,,mandurah,,
Manjimup,,manjimup,,
Manmanning,,manmanning,,
Manning,,manning,,
Mantamaru,,mantamaru,,
Manypeaks,,manypeaks,,
Marangaroo,,marangaroo,,
Maranup,,maranup,,
Marbelup,,marbelup,,
Marble Bar,,marble-bar,,
Marchagee,,marchagee,,
Mardella,,mardella,,
Mardie,,mardie,,
Margaret River,,margaret-river,,
Mariginiup,,mariginiup,,
Marmion,,marmion,,
Marne,,marne,,
Marracoonda,,marracoonda,,
Marradong,,marradong,,
Marrah,,marrah,,
Marrinup,,marrinup,,
Martin,,martin,,
Marvel Loch,,marvel-loch,,
Marybrook,,marybrook,,
Massey Bay,,massey-bay,,
Maya,,maya,,
Mayanup,,mayanup,,
Maylands,,maylands,,
Mcalinden,,mcalinden,,
Mcbeath,,mcbeath,,
Mckail,,mckail,,
Meadow,,meadow,,
Meadow Springs,,meadow-springs,,
Meckering,,meckering,,
Meda,,meda,,
Medina,,medina,,
Meekatharra,,meekatharra,,
Meeking,,meeking,,
Meelon,,meelon,,
Meenaar,,meenaar,,
Meerup,,meerup,,
Melaleuca,,melaleuca,,
Melville,,melville,,
Menora,,menora,,
Menzies,,menzies,,
Merilup,,merilup,,
Merivale,,merivale,,
Merkanooka,,merkanooka,,
Merredin,,merredin,,
Merriwa,,merriwa,,
Meru,,meru,,
Metricup,,metricup,,
Mettler,,mettler,,
Miamoon,,miamoon,,
Middle Swan,,middle-swan,,
Middlesex,,middlesex,,
Middleton Beach,,middleton-beach,,
Midland,,midland,,
Midvale,,midvale,,
Miling,,miling,,
Millars Well,,millars-well,,
Millbridge,,millbridge,,
Millbrook,,millbrook,,
Millendon,,millendon,,
Mills Lake,,mills-lake,,
Millstream,,millstream,,
Milo,,milo,,
Milpara,,milpara,,
Mimegarra,,mimegarra,,
Mindarabin,,mindarabin,,
Mindarie,,mindarie,,
Mindarra,,mindarra,,
Minding,,minding,,
Mingenew,,mingenew,,
Minigin,,minigin,,
Minilya,,minilya,,
Minnenooka,,minnenooka,,
Minnivale,,minnivale,,
Minyirr,,minyirr,,
Mira Mar,,mira-mar,,
Mirrabooka,,mirrabooka,,
Mitchell Plateau,,mitchell-plateau,,
Mobrup,,mobrup,,
Mocardy,,mocardy,,
Mogumber,,mogumber,,
Mokine,,mokine,,
Mokup,,mokup,,
Mollerin,,mollerin,,
Molloy Island,,molloy-island,,
Monjebup,,monjebup,,
Monjingup,,monjingup,,
Monkey Mia,,monkey-mia,,
Moodiarrup,,moodiarrup,,
Moojebing,,moojebing,,
Mooliabeenee,,mooliabeenee,,
Moondah,,moondah,,
Moondyne,,moondyne,,
Moonies Hill,,moonies-hill,,
Moonyoonooka,,moonyoonooka,,
Moora,,moora,,
Moore River National Park,,moore-river-national-park,,
Mooriary,,mooriary,,
Moorine Rock,,moorine-rock,,
Morangup,,morangup,,
Morawa,,morawa,,
Morbinning,,morbinning,,
Mordalup,,mordalup,,
Moresby,,moresby,,
Morgantown,,morgantown,,
Morley,,morley,,
Mornington,,mornington,,
Mosman Park,,mosman-park,,
Moulyinning,,moulyinning,,
Mount Adams,,mount-adams,,
Mount Anketell,,mount-anketell,,
Mount Barker,,mount-barker,,
Mount Budd,,mount-budd,,
Mount Burges,,mount-burges,,
Mount Caroline,,mount-caroline,,
Mount Claremont,,mount-claremont,,
Mount Clarence,,mount-clarence,,
Mount Cooke,,mount-cooke,,
Mount Elphinstone,,mount-elphinstone,,
Mount Erin,,mount-erin,,
Mount Hampton,,mount-hampton,,
Mount Hardey,,mount-hardey,,
Mount Hardman,,mount-hardman,,
Mount Hawthorn,,mount-hawthorn,,
Mount Helena,,mount-helena,,
Mount Hill,,mount-hill,,
Mount Holland,,mount-holland,,
Mount Horner,,mount-horner,,
Mount Jackson,,mount-jackson,,
Mount Lawley,,mount-lawley,,
Mount Lindesay,,mount-lindesay,,
Mount Madden,,mount-madden,,
Mount Magnet,,mount-magnet,,
Mount Melville,,mount-melville,,
Mount Nasura,,mount-nasura,,
Mount Ney,,mount-ney,,
Mount Observation,,mount-observation,,
Mount Palmer,,mount-palmer,,
Mount Pleasant,,mount-pleasant,,
Mount Richon,,mount-richon,,
Mount Romance,,mount-romance,,
Mount Sheila,,mount-sheila,,
Mount Sheridan,,mount-sheridan,,
Mount Stirling,,mount-stirling,,
Mount Tarcoola,,mount-tarcoola,,
Mount Walker,,mount-walker,,
Mount Wells,,mount-wells,,
Mouroubra,,mouroubra,,
Muchea,,muchea,,
Muckenburra,,muckenburra,,
Mueller Ranges,,mueller-ranges,,
Muja,,muja,,
Mukinbudin,,mukinbudin,,
Mulataga,,mulataga,,
Mulga Downs,,mulga-downs,,
Mullaloo,,mullaloo,,
Mullalyup,,mullalyup,,
Mullewa,,mullewa,,
Mullingar,,mullingar,,
Muluckine,,muluckine,,
Mumballup,,mumballup,,
Mumberkine,,mumberkine,,
Mundabullangana,,mundabullangana,,
Mundaring,,mundaring,,
Mundijong,,mundijong,,
Mundrabilla,,mundrabilla,,
Mungalup,,mungalup,,
Munglinup,,munglinup,,
Munster,,munster,,
Muntadgin,,muntadgin,,
Muradup,,muradup,,
Murchison,,murchison,,
Murdoch,,murdoch,,
Murdong,,murdong,,
Muresk,,muresk,,
Myalup,,myalup,,
Myara,,myara,,
Myaree,,myaree,,
Myrup,,myrup,,
Nabawa,,nabawa,,
Nairibin,,nairibin,,
Nalkain,,nalkain,,
Nalyerlup,,nalyerlup,,
Namban,,namban,,
Nambeelup,,nambeelup,,
Nambung,,nambung,,
Nanarup,,nanarup,,
Nanga,,nanga,,
Nanga Brook,,nanga-brook,,
Nangeenan,,nangeenan,,
Nangetty,,nangetty,,
Nannup,,nannup,,
Nanson,,nanson,,
Nanutarra,,nanutarra,,
Napier,,napier,,
Naraling,,naraling,,
Narembeen,,narembeen,,
Narngulu,,narngulu,,
Narra Tarra,,narra-tarra,,
Narraloggan,,narraloggan,,
Narrikup,,narrikup,,
Narrogin,,narrogin,,
Narrogin Valley,,narrogin-valley,,
Naturaliste,,naturaliste,,
Naval Base,,naval-base,,
Neale,,neale,,
Nedlands,,nedlands,,
Needilup,,needilup,,
Neendaling,,neendaling,,
Neerabup,,neerabup,,
Neergabby,,neergabby,,
Nembudding,,nembudding,,
Neridup,,neridup,,
Nerramyne,,nerramyne,,
Nerren Nerren,,nerren-nerren,,
New Norcia,,new-norcia,,
Newcarlbeon,,newcarlbeon,,
Newdegate,,newdegate,,
Newlands,,newlands,,
Newman,,newman,,
Ngaanyatjarra-Giles,,ngaanyatjarra-giles,,
Nickol,,nickol,,
Nilgen,,nilgen,,
Nillup,,nillup,,
Ningaloo,,ningaloo,,
Nippering,,nippering,,
Nirimba,,nirimba,,
Noggerup,,noggerup,,
Nokaning,,nokaning,,
Nolba,,nolba,,
Nollamara,,nollamara,,
Nomans Lake,,nomans-lake,,
Noranda,,noranda,,
Nornalup,,nornalup,,
Norpa,,norpa,,
Norseman,,norseman,,
North Baandee,,north-baandee,,
North Bannister,,north-bannister,,
North Beach,,north-beach,,
North Bodallin,,north-bodallin,,
North Boyanup,,north-boyanup,,
North Burngup,,north-burngup,,
North Cascade,,north-cascade,,
North Coogee,,north-coogee,,
North Dandalup,,north-dandalup,,
North Eradu,,north-eradu,,
North Fremantle,,north-fremantle,,
North Greenbushes,,north-greenbushes,,
North Jindong,,north-jindong,,
North Kellerberrin,,north-kellerberrin,,
North Kukerin,,north-kukerin,,
North Kununoppin,,north-kununoppin,,
North Lake,,north-lake,,
North Lake Grace,,north-lake-grace,,
North Moulyinning,,north-moulyinning,,
North Perth,,north-perth,,
North Plantations,,north-plantations,,
North Stirlings,,north-stirlings,,
North Tammin,,north-tammin,,
North Trayning,,north-trayning,,
North Walpole,,north-walpole,,
North West Cape,,north-west-cape,,
North Wialki,,north-wialki,,
North Yelbeni,,north-yelbeni,,
North Yunderup,,north-yunderup,,
Northam,,northam,,
Northampton,,northampton,,
Northbridge,,northbridge,,
Northcliffe,,northcliffe,,
Northern Gully,,northern-gully,,
Nowergup,,nowergup,,
Nugadong,,nugadong,,
Nukarni,,nukarni,,
Nullagine,,nullagine,,
Nullaki,,nullaki,,
Nulsen,,nulsen,,
Nungarin,,nungarin,,
Nunierra,,nunierra,,
Nunile,,nunile,,
Nyabing,,nyabing,,
Oakajee,,oakajee,,
Oakford,,oakford,,
Oakley,,oakley,,
Ocean Beach,,ocean-beach,,
Ocean Reef,,ocean-reef,,
O'Connor,,o'connor,,
Ogilvie,,ogilvie,,
Old Plains,,old-plains,,
Oldbury,,oldbury,,
Ongerup,,ongerup,,
Onslow,,onslow,,
Oombulgurri,,oombulgurri,,
Ora Banda,,ora-banda,,
Orana,,orana,,
Orange Grove,,orange-grove,,
Orange Springs,,orange-springs,,
Orchid Valley,,orchid-valley,,
Ord River,,ord-river,,
Orelia,,orelia,,
Osborne Park,,osborne-park,,
Osmington,,osmington,,
Padbury,,padbury,,
Palgarup,,palgarup,,
Pallinup,,pallinup,,
Palmdale,,palmdale,,
Palmer,,palmer,,
Palmyra,,palmyra,,
Pannawonica,,pannawonica,,
Pantapin,,pantapin,,
Papulankutja,,papulankutja,,
Paraburdoo,,paraburdoo,,
Paradise,,paradise,,
Pardoo,,pardoo,,
Parker Range,,parker-range,,
Parkerville,,parkerville,,
Parkeston,,parkeston,,
Parkfield,,parkfield,,
Parklands,,parklands,,
Parkwood,,parkwood,,
Parmelia,,parmelia,,
Parryville,,parryville,,
Patjarr,,patjarr,,
Paulls Valley,,paulls-valley,,
Paynedale,,paynedale,,
Paynes Find,,paynes-find,,
Paynesville,,paynesville,,
Peaceful Bay,,peaceful-bay,,
Peak Hill,,peak-hill,,
Pearsall,,pearsall,,
Peedamulla,,peedamulla,,
Peerabeelup,,peerabeelup,,
Pegs Creek,,pegs-creek,,
Pelican Point,,pelican-point,,
Pemberton,,pemberton,,
Peppermint Grove,,peppermint-grove,,
Peppermint Grove Beach,,peppermint-grove-beach,,
Perenjori,,perenjori,,
Perillup,,perillup,,
Peron,,peron,,
Perth,,perth,,
Perth Airport,,perth-airport,,
Perup,,perup,,
Petrudor,,petrudor,,
Piara Waters,,piara-waters,,
Piawaning,,piawaning,,
Piccadilly,,piccadilly,,
Pickering Brook,,pickering-brook,,
Picton,,picton,,
Picton East,,picton-east,,
Piesse Brook,,piesse-brook,,
Piesseville,,piesseville,,
Pindar,,pindar,,
Pingaring,,pingaring,,
Pingelly,,pingelly,,
Pingrup,,pingrup,,
Pinjar,,pinjar,,
Pinjarra,,pinjarra,,
Pink Lake,,pink-lake,,
Pintharuka,,pintharuka,,
Pinwernying,,pinwernying,,
Pippingarra,,pippingarra,,
Pithara,,pithara,,
Plumridge Lakes,,plumridge-lakes,,
Point Grey,,point-grey,,
Point Samson,,point-samson,,
Popanyinning,,popanyinning,,
Porongurup,,porongurup,,
Port Albany,,port-albany,,
Port Denison,,port-denison,,
Port Hedland,,port-hedland,,
Port Kennedy,,port-kennedy,,
Postans,,postans,,
Preston Beach,,preston-beach,,
Preston Settlement,,preston-settlement,,
Prevelly,,prevelly,,
Prince Regent River,,prince-regent-river,,
Pumphreys Bridge,,pumphreys-bridge,,
Purnululu,,purnululu,,
Quairading,,quairading,,
Qualeup,,qualeup,,
Quedjinup,,quedjinup,,
Queens Park,,queens-park,,
Queenwood,,queenwood,,
Quelagetting,,quelagetting,,
Quellington,,quellington,,
Quindalup,,quindalup,,
Quindanning,,quindanning,,
Quinninup,,quinninup,,
Quinns Rocks,,quinns-rocks,,
Ranford,,ranford,,
Rangeway,,rangeway,,
Ravensthorpe,,ravensthorpe,,
Ravenswood,,ravenswood,,
Rawlinna,,rawlinna,,
Red Gully,,red-gully,,
Red Hill,,red-hill,,
Redbank,,redbank,,
Redcliffe,,redcliffe,,
Redgate,,redgate,,
Redmond,,redmond,,
Redmond West,,redmond-west,,
Reedy,,reedy,,
Regans Ford,,regans-ford,,
Reinscourt,,reinscourt,,
Remlap,,remlap,,
Reservoir,,reservoir,,
Ridgewood,,ridgewood,,
Ringbark,,ringbark,,
Riverton,,riverton,,
Rivervale,,rivervale,,
Robinson,,robinson,,
Rockingham,,rockingham,,
Rocklea,,rocklea,,
Rockwell,,rockwell,,
Rocky Gully,,rocky-gully,,
Roebourne,,roebourne,,
Roebuck,,roebuck,,
Roelands,,roelands,,
Roleystone,,roleystone,,
Rosa Brook,,rosa-brook,,
Rosa Glen,,rosa-glen,,
Rossmore,,rossmore,,
Rossmoyne,,rossmoyne,,
Rothsay,,rothsay,,
Rottnest Island,,rottnest-island,,
Ruabon,,ruabon,,
Rudds Gully,,rudds-gully,,
Ryansbrook,,ryansbrook,,
Sabina River,,sabina-river,,
Safety Bay,,safety-bay,,
Salmon Gums,,salmon-gums,,
Salter Point,,salter-point,,
Samson,,samson,,
San Remo,,san-remo,,
Sandpatch,,sandpatch,,
Sandsprings,,sandsprings,,
Sandstone,,sandstone,,
Sandy Gully,,sandy-gully,,
Sawyers Valley,,sawyers-valley,,
Scaddan,,scaddan,,
Scarborough,,scarborough,,
Schroeder,,schroeder,,
Scotsdale,,scotsdale,,
Scott River,,scott-river,,
Scott River East,,scott-river-east,,
Scotts Brook,,scotts-brook,,
Seabird,,seabird,,
Secret Harbour,,secret-harbour,,
Seppings,,seppings,,
Serpentine,,serpentine,,
Seville Grove,,seville-grove,,
Shackleton,,shackleton,,
Shadforth,,shadforth,,
Shannon,,shannon,,
Shark Bay,,shark-bay,,
Shelley,,shelley,,
Shenton Park,,shenton-park,,
Sherlock,,sherlock,,
Shoalwater,,shoalwater,,
Shotts,,shotts,,
Siesta Park,,siesta-park,,
Silver Sands,,silver-sands,,
Sinagra,,sinagra,,
Sinclair,,sinclair,,
Singleton,,singleton,,
Sir Samuel,,sir-samuel,,
Skeleton Rock,,skeleton-rock,,
Smith Brook,,smith-brook,,
Solus,,solus,,
Somerville,,somerville,,
Sorrento,,sorrento,,
South Bodallin,,south-bodallin,,
South Boulder,,south-boulder,,
South Bunbury,,south-bunbury,,
South Burracoppin,,south-burracoppin,,
South Carnarvon,,south-carnarvon,,
South Datatine,,south-datatine,,
South Doodlakine,,south-doodlakine,,
South Fremantle,,south-fremantle,,
South Glencoe,,south-glencoe,,
South Greenough,,south-greenough,,
South Guildford,,south-guildford,,
South Hedland,,south-hedland,,
South Kalgoorlie,,south-kalgoorlie,,
South Kukerin,,south-kukerin,,
South Kumminin,,south-kumminin,,
South Kununoppin,,south-kununoppin,,
South Lake,,south-lake,,
South Lake Grace,,south-lake-grace,,
South Murchison,,south-murchison,,
South Newdegate,,south-newdegate,,
South Perth,,south-perth,,
South Plantations,,south-plantations,,
South Quairading,,south-quairading,,
South Stirling,,south-stirling,,
South Tammin,,south-tammin,,
South Trayning,,south-trayning,,
South Yelbeni,,south-yelbeni,,
South Yilgarn,,south-yilgarn,,
South Yuna,,south-yuna,,
South Yunderup,,south-yunderup,,
Southampton,,southampton,,
Southern Brook,,southern-brook,,
Southern Cross,,southern-cross,,
Southern River,,southern-river,,
Spalding,,spalding,,
Spearwood,,spearwood,,
Spencer Park,,spencer-park,,
Spencers Brook,,spencers-brook,,
Springfield,,springfield,,
Springs,,springs,,
St George Ranges,,st-george-ranges,,
St James,,st-james,,
St Ronans,,st-ronans,,
Stake Hill,,stake-hill,,
Stirling,,stirling,,
Stirling Estate,,stirling-estate,,
Stirling Range National Park,,stirling-range-national-park,,
Stoneville,,stoneville,,
Stove Hill,,stove-hill,,
Strathalbyn,,strathalbyn,,
Stratham,,stratham,,
Stratherne,,stratherne,,
Stratton,,stratton,,
Strelley,,strelley,,
Sturt Creek,,sturt-creek,,
Subiaco,,subiaco,,
Success,,success,,
Sunnyside,,sunnyside,,
Sunset Beach,,sunset-beach,,
Swan View,,swan-view,,
Swanbourne,,swanbourne,,
Takalarup,,takalarup,,
Talandji,,talandji,,
Talbot,,talbot,,
Talbot West,,talbot-west,,
Talgomine,,talgomine,,
Talisker,,talisker,,
Tamala,,tamala,,
Tamala Park,,tamala-park,,
Tambellup,,tambellup,,
Tammin,,tammin,,
Tampu,,tampu,,
Tanami,,tanami,,
Tandegin,,tandegin,,
Tapping,,tapping,,
Tarcoola Beach,,tarcoola-beach,,
Tardun,,tardun,,
Tarin Rock,,tarin-rock,,
Teesdale,,teesdale,,
Telfer,,telfer,,
Tenindewa,,tenindewa,,
Tenterden,,tenterden,,
The Lakes,,the-lakes,,
The Plains,,the-plains,,
The Spectacles,,the-spectacles,,
The Vines,,the-vines,,
Thomson Brook,,thomson-brook,,
Thornlie,,thornlie,,
Three Springs,,three-springs,,
Throssell,,throssell,,
Tibradden,,tibradden,,
Tincurrin,,tincurrin,,
Tingledale,,tingledale,,
Tjirrkarli,,tjirrkarli,,
Tjukurla,,tjukurla,,
Tom Price,,tom-price,,
Tonebridge,,tonebridge,,
Toodyay,,toodyay,,
Toolibin,,toolibin,,
Toolonga,,toolonga,,
Toompup,,toompup,,
Torbay,,torbay,,
Torndirrup,,torndirrup,,
Townsendale,,townsendale,,
Trafalgar,,trafalgar,,
Trayning,,trayning,,
Treeby,,treeby,,
Treeton,,treeton,,
Trent,,trent,,
Trigg,,trigg,,
Trigwell,,trigwell,,
Tuart Hill,,tuart-hill,,
Turkey Hill,,turkey-hill,,
Tutunup,,tutunup,,
Two Rocks,,two-rocks,,
Ucarty,,ucarty,,
Ucarty West,,ucarty-west,,
Uduc,,uduc,,
Ularring,,ularring,,
Upper Capel,,upper-capel,,
Upper Murray,,upper-murray,,
Upper Swan,,upper-swan,,
Upper Warren,,upper-warren,,
Useless Loop,,useless-loop,,
Usher,,usher,,
Utakarra,,utakarra,,
Valentine,,valentine,,
Vancouver Peninsula,,vancouver-peninsula,,
Varley,,varley,,
Vasse,,vasse,,
Victoria Park,,victoria-park,,
Victoria Rock,,victoria-rock,,
Victory Heights,,victory-heights,,
Vittoria,,vittoria,,
Viveash,,viveash,,
Wadderin,,wadderin,,
Waddington,,waddington,,
Waddy Forest,,waddy-forest,,
Waeel,,waeel,,
Wagerup,,wagerup,,
Waggrakine,,waggrakine,,
Wagin,,wagin,,
Waikiki,,waikiki,,
Walebing,,walebing,,
Walgoolan,,walgoolan,,
Walkaway,,walkaway,,
Wallareenya,,wallareenya,,
Wallaroo,,wallaroo,,
Walliston,,walliston,,
Walmsley,,walmsley,,
Walpole,,walpole,,
Walsall,,walsall,,
Walyormouring,,walyormouring,,
Walyunga National Park,,walyunga-national-park,,
Walyurin,,walyurin,,
Wamenusking,,wamenusking,,
Wanarn,,wanarn,,
Wandana,,wandana,,
Wandering,,wandering,,
Wandi,,wandi,,
Wandillup,,wandillup,,
Wandina,,wandina,,
Wanerie,,wanerie,,
Wangara,,wangara,,
Wannamal,,wannamal,,
Wannanup,,wannanup,,
Wanneroo,,wanneroo,,
Wansbrough,,wansbrough,,
Warakurna,,warakurna,,
Warawarrup,,warawarrup,,
Warburton,,warburton,,
Wardering,,wardering,,
Warding East,,warding-east,,
Warmun,,warmun,,
Warnbro,,warnbro,,
Warner Glen,,warner-glen,,
Waroona,,waroona,,
Warrachuppin,,warrachuppin,,
Warradarge,,warradarge,,
Warralakin,,warralakin,,
Warrenup,,warrenup,,
Warwick,,warwick,,
Waterbank,,waterbank,,
Watercarrin,,watercarrin,,
Waterford,,waterford,,
Waterloo,,waterloo,,
Watermans Bay,,watermans-bay,,
Watheroo,,watheroo,,
Wattening,,wattening,,
Wattle Grove,,wattle-grove,,
Wattleup,,wattleup,,
Wattoning,,wattoning,,
Webberton,,webberton,,
Wedge Island,,wedge-island,,
Wedgecarrup,,wedgecarrup,,
Wedgefield,,wedgefield,,
Welbungin,,welbungin,,
Weld Range,,weld-range,,
Wellard,,wellard,,
Wellesley,,wellesley,,
Wellington Forest,,wellington-forest,,
Wellington Mill,,wellington-mill,,
Wellstead,,wellstead,,
Welshpool,,welshpool,,
Wembley,,wembley,,
Wembley Downs,,wembley-downs,,
West Ballidu,,west-ballidu,,
West Beach,,west-beach,,
West Binnu,,west-binnu,,
West Busselton,,west-busselton,,
West Cape Howe,,west-cape-howe,,
West Casuarinas,,west-casuarinas,,
West Coolup,,west-coolup,,
West End,,west-end,,
West Fitzgerald,,west-fitzgerald,,
West Holleton,,west-holleton,,
West Island Cocos (Keeling) Is,,west-island-cocos-(keeling)-is,,
West Kalgoorlie,,west-kalgoorlie,,
West Lamington,,west-lamington,,
West Leederville,,west-leederville,,
West Lyons River,,west-lyons-river,,
West Perth,,west-perth,,
West Pingelly,,west-pingelly,,
West Pinjarra,,west-pinjarra,,
West Popanyinning,,west-popanyinning,,
West River,,west-river,,
West Swan,,west-swan,,
West Toodyay,,west-toodyay,,
Westdale,,westdale,,
Westminster,,westminster,,
Westonia,,westonia,,
Westwood,,westwood,,
Whim Creek,,whim-creek,,
Whitby,,whitby,,
White Gum Valley,,white-gum-valley,,
White Peak,,white-peak,,
Whiteman,,whiteman,,
Whittaker,,whittaker,,
Wialki,,wialki,,
Wicherina,,wicherina,,
Wicherina South,,wicherina-south,,
Wickepin,,wickepin,,
Wickham,,wickham,,
Widgiemooltha,,widgiemooltha,,
Wijilawarrim,,wijilawarrim,,
Wilberforce,,wilberforce,,
Wilbinga,,wilbinga,,
Wilga,,wilga,,
Wilga West,,wilga-west,,
Wilgarrup,,wilgarrup,,
Wilgoyne,,wilgoyne,,
Willagee,,willagee,,
Willare,,willare,,
Willetton,,willetton,,
William Bay,,william-bay,,
Williams,,williams,,
Williamstown,,williamstown,,
Willyung,,willyung,,
Wilson,,wilson,,
Wiluna,,wiluna,,
Wilyabrup,,wilyabrup,,
Windabout,,windabout,,
Windy Harbour,,windy-harbour,,
Winnejup,,winnejup,,
Winthrop,,winthrop,,
Witchcliffe,,witchcliffe,,
Withers,,withers,,
Wittenoom,,wittenoom,,
Wittenoom Hills,,wittenoom-hills,,
Wogolin,,wogolin,,
Wokalup,,wokalup,,
Womarden,,womarden,,
Wongamine,,wongamine,,
Wongan Hills,,wongan-hills,,
Wongoondy,,wongoondy,,
Wonnerup,,wonnerup,,
Wonthella,,wonthella,,
Woodanilling,,woodanilling,,
Woodbridge,,woodbridge,,
Woodlands,,woodlands,,
Woodleigh,,woodleigh,,
Woodridge,,woodridge,,
Woodvale,,woodvale,,
Woogenellup,,woogenellup,,
Woolgorong,,woolgorong,,
Woolocutty,,woolocutty,,
Wooramel,,wooramel,,
Wooroloo,,wooroloo,,
Woorree,,woorree,,
Woottating,,woottating,,
Worsley,,worsley,,
Wubin,,wubin,,
Wundowie,,wundowie,,
Wungong,,wungong,,
Wuraming,,wuraming,,
Wyalkatchem,,wyalkatchem,,
Wyening,,wyening,,
Wyndham,,wyndham,,
Wyola West,,wyola-west,,
Xantippe,,xantippe,,
Yabberup,,yabberup,,
Yakamia,,yakamia,,
Yalardy,,yalardy,,
Yalgoo,,yalgoo,,
Yallabatharra,,yallabatharra,,
Yallingup,,yallingup,,
Yallingup Siding,,yallingup-siding,,
Yalyalup,,yalyalup,,
Yanchep,,yanchep,,
Yandanooka,,yandanooka,,
Yandoo Creek,,yandoo-creek,,
Yangebup,,yangebup,,
Yanmah,,yanmah,,
Yannarie,,yannarie,,
Yarawindah,,yarawindah,,
Yardarino,,yardarino,,
Yarloop,,yarloop,,
Yarragadee,,yarragadee,,
Yathroo,,yathroo,,
Yeagarup,,yeagarup,,
Yeal,,yeal,,
Yealering,,yealering,,
Yebble,,yebble,,
Yelbeni,,yelbeni,,
Yellowdine,,yellowdine,,
Yelverton,,yelverton,,
Yerecoin,,yerecoin,,
Yetna,,yetna,,
Yilkari,,yilkari,,
Yilliminning,,yilliminning,,
Yoganup,,yoganup,,
Yokine,,yokine,,
Yoongarillup,,yoongarillup,,
York,,york,,
Yornaning,,yornaning,,
Yornup,,yornup,,
Yoting,,yoting,,
Youndegin,,youndegin,,
Youngs Siding,,youngs-siding,,
Yourdamung Lake,,yourdamung-lake,,
Yuna,,yuna,,
Yuna,,yuna,,
Zanthus,,zanthus,,
Zuytdorp,,zuytdorp,,